text,label
home wave beachlifemindset oceanview livingforthenextbeachday peacelovebeach ice ocean crystal body of water solid ,beach
mind in always beach beachlifemindset thinkbeachythoughts photo outerbanks book product information creation text ,beach
tag someone need beach day livingforthenextbeachday photo whitelaw jostvandyke vi beach palm ocean sand paradise ,beach
do nothing second multistop beachlifemindset relax nobody video lagunabeach beach ocean sand sea seaside ,beach
odds probably alright beachlifemindset photo virginiabeach beach ocean sea sun sunset ,beach
follow path beachlifemindset beachmore beachapy photo lanikaibeach hawaii tree woody plant landscape vascular plant sky ,beach
may endless summer beachlifemindset staybeachy photo lagunabeach sunset beach sun lighting sky ,beach
go flow beachlifemindset mondaymotivation photo anamariaisland ice texture grunge pattern crystal ,beach
beach calling go beachlifemindset getbeachy photo john u tree woody plant landscape vascular plant shore ,beach
living next beach day beachlifemindset staybeachy photo playademuro graffito decoration flag sign barbershop ,beach
most bland italy italy travel mountain landscape field nature travel freyork river,nature
long-nosed bath amazon rainforest jungle self amazon bat adventure nature peru travel river lodge,nature
autohash devilsbathtub unitedstates virginia water nature rock landscape river travel,nature
bosnia nature destination travel beauty mountain river,nature
chagrin fall ohio river waterfall nature ohio travel outdoor blackandwhite blackandwhitephotography,nature
morning travel view river lake nature travel cycle photography,nature
epic canyon skaftrhrepur upland iceland iceland mountain travel nature freyork snow river,nature
tranzalpine train newzealand travel mountain nature landscape river arthurspas trip,nature
true beauty azerbaijan start nature region travel landscape azerbaijan tourism mountain river forest combination,nature
que hermosos colored nature travel breaking hiding adventure outdoor river forest mosque mountain,nature
venetikos river river river nature_grece natureformations travel_grece travel,nature
zoo express lake family animal travel ring camping camp park familytravel @,animal
did know zoo active education animal orator team travel far wide participate multistop,animal
designer editor longer amazing image stunning project animal wildlife print wildanimals travel africa nature zoo,animal
thank friend enjoy rest day domo polarbear hamamatsu zoo ~ photo marurun animal animal animalover animalovers travel japan,animal
everything want know nahargarh geological biological park jaipur jaipur zoo travel animal lblogers rajasthan nature travelguide jaipurblog,animal
happy time travelling lot masturbating happiness silly study going asia adopting monkey starting family travel fun happy time buying zoo full animal cartridge pear tree,animal
reason passion animal education people dream travel australia day meet still hope able see australia zoo day keep wonderful work animal world,animal
moody tiger shot tiger animal travel ireland cork fotawildlifepark blackandwhite,animal
instead child entry ticket femur giraffe feeding adult ticket south lake safari zoo cambric save % price cambric safari zoo entry adam animal feeding themeparks ticket travel deal,animal
visit fantastic manor wildlife park stay freshwater bay holiday village freshwatereast pembrokeshire wale holiday travel family davout wildlife nature animal zoo park adventure tiger zebra visit explore,animal
just travel memory flashback walked minute bird going song reminded day singapore went zoo sticking bloody humid animal sound everywhere,animal
temple place relax enjoy refreshing drink adam delicious food food hungry value delicious temple,food
suffer taking time relax sipping blended drink eating delicious food,food
relax adam great hook adam delicious food open daily till which happiness method narghil,food
chilled evening opportunity visit tula get relax enjoy amazingly delicious food multiexclamation see multiexclamation,food
relax kiss fresh food delicious coffee beautiful courtyard multistop food chilterns relax,food
grab beer delicious food relax enjoy game al_caps_jng multistop,food
relax end day take hot bath delicious snack food enjoy turn multistop,food
relax end day getting biggest loot clash plan eating delicious food just multistop,food
relax end day misha delicious food,food
enjoy delicious salmon tonight relax eat good food let dirty dish multistop,food
eagle landed visit restaurant enjoy delicious food relax garden center multistop,food